path,area,preview
.specify/extensions.yml,.,installed: [] settings:   auto_execute_hooks: true hooks:   before_constitution:   - extension: git     command: speckit.git.initialize     enabled: true     optional: false     prompt: Execute specki
.specify/extensions/git/config-template.yml,.,"# Git Branching Workflow Extension Configuration # Copied to .specify/extensions/git/git-config.yml on install  # Branch numbering strategy: ""sequential"" (001, 002, ...) or ""timestamp"" (YYYYMMDD-HHMMS"
.specify/extensions/git/extension.yml,.,"schema_version: ""1.0""  extension:   id: git   name: ""Git Branching Workflow""   version: ""1.0.0""   description: ""Feature branch creation, numbering (sequential/timestamp), validation, and Git remote de"
.specify/extensions/git/git-config.yml,.,"# Git Branching Workflow Extension Configuration # Copied to .specify/extensions/git/git-config.yml on install  # Branch numbering strategy: ""sequential"" (001, 002, ...) or ""timestamp"" (YYYYMMDD-HHMMS"
.specify/extensions/git/scripts/bash/auto-commit.sh,.,#!/usr/bin/env bash # Git extension: auto-commit.sh # Automatically commit changes after a Spec Kit command completes. # Checks per-command config keys in git-config.yml before committing. # # Usage: 
.specify/extensions/git/scripts/bash/create-new-feature.sh,.,"#!/usr/bin/env bash # Git extension: create-new-feature.sh # Adapted from core scripts/bash/create-new-feature.sh for extension layout. # Sources common.sh from the project's installed scripts, fallin"
.specify/extensions/git/scripts/bash/git-common.sh,.,#!/usr/bin/env bash # Git-specific common functions for the git extension. # Extracted from scripts/bash/common.sh — contains only git-specific # branch validation and detection logic.  # Check if w
.specify/extensions/git/scripts/bash/initialize-repo.sh,.,"#!/usr/bin/env bash # Git extension: initialize-repo.sh # Initialize a Git repository with an initial commit. # Customizable — replace this script to add .gitignore templates, # default branch confi"
.specify/feature.json,.,"{   ""feature_directory"": ""specs/008-quiz-challenges"" } "
.specify/init-options.json,.,"{   ""ai"": ""codex"",   ""ai_skills"": true,   ""branch_numbering"": ""sequential"",   ""context_file"": ""AGENTS.md"",   ""here"": true,   ""integration"": ""codex"",   ""script"": ""sh"",   ""speckit_version"": ""0.8.18"" }"
.specify/integration.json,.,"{   ""version"": ""0.8.18"",   ""integration_state_schema"": 1,   ""installed_integrations"": [     ""codex""   ],   ""integration_settings"": {     ""codex"": {       ""script"": ""sh"",       ""invoke_separator"": ""-"" "
.specify/integrations/codex.manifest.json,.,"{   ""integration"": ""codex"",   ""version"": ""0.8.18"",   ""installed_at"": ""2026-05-30T05:59:05.786972+00:00"",   ""files"": {     "".agents/skills/speckit-analyze/SKILL.md"": ""753f1d49d830abc130132ad2864c780ea6"
.specify/integrations/speckit.manifest.json,.,"{   ""integration"": ""speckit"",   ""version"": ""0.8.18"",   ""installed_at"": ""2026-05-09T14:14:54.722538+00:00"",   ""files"": {     "".specify/scripts/bash/common.sh"": ""0ac0b422fecf41a172a21dc163be1558a87e8a8b"
.specify/scripts/bash/check-prerequisites.sh,.,#!/usr/bin/env bash  # Consolidated prerequisite checking script # # This script provides unified prerequisite checking for Spec-Driven Development workflow. # It replaces the functionality previously
.specify/scripts/bash/common.sh,.,#!/usr/bin/env bash # Common functions and variables for all scripts  # Find repository root by searching upward for .specify directory # This is the primary marker for spec-kit projects find_specify_
.specify/scripts/bash/create-new-feature.sh,.,"#!/usr/bin/env bash  set -e  JSON_MODE=false DRY_RUN=false ALLOW_EXISTING=false SHORT_NAME="""" BRANCH_NUMBER="""" USE_TIMESTAMP=false ARGS=() i=1 while [ $i -le $# ]; do     arg=""${!i}""     case ""$arg"" i"
.specify/scripts/bash/setup-plan.sh,.,"#!/usr/bin/env bash  set -e  # Parse command line arguments JSON_MODE=false ARGS=()  for arg in ""$@""; do     case ""$arg"" in         --json)              JSON_MODE=true              ;;         --help|-"
.specify/scripts/bash/setup-tasks.sh,.,"#!/usr/bin/env bash  set -e  # Parse command line arguments JSON_MODE=false  for arg in ""$@""; do     case ""$arg"" in         --json) JSON_MODE=true ;;         --help|-h)             echo ""Usage: $0 [--"
.specify/workflows/speckit/workflow.yml,.,"schema_version: ""1.0"" workflow:   id: ""speckit""   name: ""Full SDD Cycle""   version: ""1.0.0""   author: ""GitHub""   description: ""Runs specify → plan → tasks → implement with review gates""  require"
.specify/workflows/workflow-registry.json,.,"{   ""schema_version"": ""1.0"",   ""workflows"": {     ""speckit"": {       ""name"": ""Full SDD Cycle"",       ""version"": ""1.0.0"",       ""description"": ""Runs specify \u2192 plan \u2192 tasks \u2192 implement wi"
StoryBook.Tests/Integration/AquariumPageTestFixture.cs,.,using System.Net; using Microsoft.AspNetCore.Mvc.Testing; using Microsoft.Extensions.Configuration; using Microsoft.Extensions.Hosting;  namespace StoryBook.Tests.Integration;  public sealed class Aqu
StoryBook.Tests/Integration/AquariumPagesTests.cs,.,using System.Net;  namespace StoryBook.Tests.Integration;  public sealed class AquariumPagesTests : IClassFixture<AquariumPageTestFixture> {     private readonly AquariumPageTestFixture _fixture;     
StoryBook.Tests/Integration/ComparePageTestFixture.cs,.,using System.Net; using Microsoft.AspNetCore.Mvc.Testing; using Microsoft.Extensions.Configuration; using Microsoft.Extensions.DependencyInjection; using Microsoft.Extensions.DependencyInjection.Exten
StoryBook.Tests/Integration/ComparePagesTests.cs,.,using System.Net;  namespace StoryBook.Tests.Integration;  public sealed class ComparePagesTests : IClassFixture<ComparePageTestFixture> {     private readonly ComparePageTestFixture _fixture;      pu
StoryBook.Tests/Integration/DinosaurPageTestFixture.cs,.,using System.Net; using Microsoft.AspNetCore.Mvc.Testing;  namespace StoryBook.Tests.Integration;  public sealed class DinosaurPageTestFixture : IAsyncLifetime {     public WebApplicationFactory<Progr
StoryBook.Tests/Integration/DinosaurPagesTests.cs,.,namespace StoryBook.Tests.Integration;  public sealed class DinosaurPagesTests : IClassFixture<DinosaurPageTestFixture> {     private readonly DinosaurPageTestFixture _fixture;      public DinosaurPag
StoryBook.Tests/Integration/ExplorePageTestFixture.cs,.,using System.Net; using Microsoft.AspNetCore.Mvc.Testing; using Microsoft.Extensions.Configuration;  namespace StoryBook.Tests.Integration;  public sealed class ExplorePageTestFixture : IAsyncLifetime
StoryBook.Tests/Integration/ExplorePagesTests.cs,.,using System.Net; using StoryBook.Tests.Support;  namespace StoryBook.Tests.Integration;  public sealed class ExplorePagesTests : IClassFixture<ExplorePageTestFixture> {     private readonly ExplorePa
StoryBook.Tests/Integration/JourneyPageTestFixture.cs,.,using System.Net; using Microsoft.AspNetCore.Mvc.Testing; using Microsoft.Extensions.Configuration;  namespace StoryBook.Tests.Integration;  public sealed class JourneyPageTestFixture : IAsyncLifetime
StoryBook.Tests/Integration/JourneyPagesTests.cs,.,using System.Net; using System.Text.Json; using StoryBook.Models; using StoryBook.Tests.Support;  namespace StoryBook.Tests.Integration;  public sealed class JourneyPagesTests : IClassFixture<JourneyP
StoryBook.Tests/Integration/PassportPageTestFixture.cs,.,using System.Net; using Microsoft.AspNetCore.Mvc.Testing; using Microsoft.Extensions.Configuration;  namespace StoryBook.Tests.Integration;  public sealed class PassportPageTestFixture : IAsyncLifetim
StoryBook.Tests/Integration/PassportPagesTests.cs,.,using System.Net;  namespace StoryBook.Tests.Integration;  public sealed class PassportPagesTests : IClassFixture<PassportPageTestFixture> {     private readonly PassportPageTestFixture _fixture;     
StoryBook.Tests/Integration/QuizPageTestFixture.cs,.,using System.Net; using System.Text.RegularExpressions; using Microsoft.AspNetCore.Mvc.Testing; using Microsoft.Extensions.Configuration;  namespace StoryBook.Tests.Integration;  public sealed class Q
StoryBook.Tests/Integration/QuizPagesTests.cs,.,namespace StoryBook.Tests.Integration;  public sealed class QuizPagesTests : IClassFixture<QuizPageTestFixture> {     private readonly QuizPageTestFixture _fixture;      public QuizPagesTests(QuizPage
StoryBook.Tests/Integration/RoutingAndFallbackTests.cs,.,using System.Net;  namespace StoryBook.Tests.Integration;  public sealed class RoutingAndFallbackTests : IClassFixture<DinosaurPageTestFixture> {     private readonly DinosaurPageTestFixture _fixture;
StoryBook.Tests/Integration/ThemePagesTests.cs,.,namespace StoryBook.Tests.Integration;  using StoryBook.Tests.Support;  public sealed class ThemePagesTests : IClassFixture<DinosaurPageTestFixture> {     private readonly DinosaurPageTestFixture _fix
StoryBook.Tests/Support/FakeWebHostEnvironment.cs,.,using Microsoft.AspNetCore.Hosting; using Microsoft.Extensions.FileProviders;  namespace StoryBook.Tests.Support;  internal sealed class FakeWebHostEnvironment : IWebHostEnvironment {     public FakeW
StoryBook.Tests/Support/LogEntry.cs,.,"using Microsoft.Extensions.Logging;  namespace StoryBook.Tests.Support;  internal sealed record LogEntry(     LogLevel Level,     EventId EventId,     string Message,     Exception? Exception); "
StoryBook.Tests/Support/RecordingLogger.cs,.,using Microsoft.Extensions.Logging;  namespace StoryBook.Tests.Support;  internal sealed class RecordingLogger<T> : ILogger<T> {     private readonly List<LogEntry> _entries = [];      public IReadOnl
StoryBook.Tests/Support/TestPaths.cs,.,namespace StoryBook.Tests.Support;  internal static class TestPaths {     public static string RepositoryRoot     {         get         {             string directory = AppContext.BaseDirectory;      
StoryBook.Tests/Unit/AquariumCatalogServiceTests.cs,.,using System.Diagnostics; using Microsoft.Extensions.Logging; using Microsoft.Extensions.Options; using StoryBook.Models; using StoryBook.Services; using StoryBook.Tests.Support;  namespace StoryBook.
StoryBook.Tests/Unit/AquariumContentValidationTests.cs,.,using System.Text.Json; using StoryBook.Models; using StoryBook.Services; using StoryBook.Tests.Support;  namespace StoryBook.Tests.Unit;  public sealed class AquariumContentValidationTests {     priv
StoryBook.Tests/Unit/CompareScriptContractTests.cs,.,using StoryBook.Tests.Support;  namespace StoryBook.Tests.Unit;  public sealed class CompareScriptContractTests {     [Fact]     public void Compare_script_keeps_selection_state_page_local_and_exposes
StoryBook.Tests/Unit/ComparisonCatalogServiceTests.cs,.,using Microsoft.Extensions.Logging; using Microsoft.Extensions.Options; using StoryBook.Models; using StoryBook.Services; using StoryBook.Tests.Support;  namespace StoryBook.Tests.Unit;  public sealed
StoryBook.Tests/Unit/DinosaurCatalogServiceTests.cs,.,using System.Diagnostics; using Microsoft.Extensions.Logging; using Microsoft.Extensions.Options; using StoryBook.Models; using StoryBook.Services; using StoryBook.Tests.Support;  namespace StoryBook.
StoryBook.Tests/Unit/DinosaurContentValidationTests.cs,.,using System.Text.Json; using StoryBook.Models; using StoryBook.Services; using StoryBook.Tests.Support;  namespace StoryBook.Tests.Unit;  public sealed class DinosaurContentValidationTests {     [Fac
StoryBook.Tests/Unit/ExplorationCatalogServiceTests.cs,.,using Microsoft.Extensions.Logging; using Microsoft.Extensions.Options; using StoryBook.Models; using StoryBook.Services; using StoryBook.Tests.Support;  namespace StoryBook.Tests.Unit;  public sealed
StoryBook.Tests/Unit/ExplorationSearchServiceTests.cs,.,"using StoryBook.Models; using StoryBook.Services;  namespace StoryBook.Tests.Unit;  public sealed class ExplorationSearchServiceTests {     [Theory]     [InlineData("" 暴，龍! "", ""暴龍"")]     [Inl"
StoryBook.Tests/Unit/JourneysScriptContractTests.cs,.,using StoryBook.Tests.Support;  namespace StoryBook.Tests.Unit;  public sealed class JourneysScriptContractTests {     [Fact]     public void Journeys_script_uses_shared_language_key_without_journey_s
StoryBook.Tests/Unit/LanguagePreferenceServiceTests.cs,.,"using StoryBook.Models; using StoryBook.Services;  namespace StoryBook.Tests.Unit;  public sealed class LanguagePreferenceServiceTests {     [Theory]     [InlineData(""zh-TW"", LanguageCode.ZhTW)]     ["
StoryBook.Tests/Unit/LearningJourneyCatalogServiceTests.cs,.,using Microsoft.Extensions.Options; using System.Text.Json; using StoryBook.Models; using StoryBook.Services; using StoryBook.Tests.Support;  namespace StoryBook.Tests.Unit;  public sealed class Learn
StoryBook.Tests/Unit/LearningJourneyContentValidationTests.cs,.,using StoryBook.Models; using StoryBook.Services;  namespace StoryBook.Tests.Unit;  public sealed class LearningJourneyContentValidationTests {     [Fact]     public void ValidateCatalog_reports_slug_
StoryBook.Tests/Unit/PassportCatalogServiceTests.cs,.,using Microsoft.Extensions.Logging; using Microsoft.Extensions.Options; using StoryBook.Models; using StoryBook.Services; using StoryBook.Tests.Support;  namespace StoryBook.Tests.Unit;  public sealed
StoryBook.Tests/Unit/PassportPreferenceServiceTests.cs,.,using StoryBook.Models; using StoryBook.Services;  namespace StoryBook.Tests.Unit;  public sealed class PassportPreferenceServiceTests {     [Fact]     public void Service_exposes_storage_key_state_ve
StoryBook.Tests/Unit/PassportScriptContractTests.cs,.,using StoryBook.Tests.Support;  namespace StoryBook.Tests.Unit;  public sealed class PassportScriptContractTests {     [Fact]     public void Passport_script_uses_explicit_click_completion_versioned_s
StoryBook.Tests/Unit/QuizCatalogServiceTests.cs,.,using System.Text.Json; using Microsoft.Extensions.Options; using StoryBook.Models; using StoryBook.Services; using StoryBook.Tests.Support;  namespace StoryBook.Tests.Unit;  public sealed class QuizC
StoryBook.Tests/Unit/QuizContentValidationTests.cs,.,using StoryBook.Models; using StoryBook.Services;  namespace StoryBook.Tests.Unit;  public sealed class QuizContentValidationTests {     [Fact]     public void ValidateCatalog_rejects_null_bad_version
StoryBook.Tests/Unit/QuizScriptContractTests.cs,.,using StoryBook.Tests.Support;  namespace StoryBook.Tests.Unit;  public sealed class QuizScriptContractTests {     [Fact]     public void Quiz_script_uses_progressive_enhancement_without_storage_netwo
StoryBook.Tests/Unit/ThemePreferenceServiceTests.cs,.,using StoryBook.Services;  namespace StoryBook.Tests.Unit;  public sealed class ThemePreferenceServiceTests {     [Fact]     public void Service_exposes_storage_key_defaults_and_supported_modes()     
StoryBook.Tests/bin/Debug/net10.0/Data/aquarium.json,.,"{   ""version"": ""1.0"",   ""habitatCategories"": [     {       ""code"": ""freshwater"",       ""sortOrder"": 1,       ""displayName"": {         ""zhTW"": ""淡水"",         ""en"": ""Freshwater""       },       ""descr"
StoryBook.Tests/bin/Debug/net10.0/Data/dinosaurs.json,.,"{   ""version"": ""1.0"",   ""profiles"": [     {       ""slug"": ""tyrannosaurus-rex"",       ""category"": ""dinosaur"",       ""sortOrder"": 1,       ""names"": {         ""zhTW"": ""暴龍"",         ""en"": ""Tyrannosaur"
StoryBook.Tests/bin/Debug/net10.0/Data/journeys.json,.,"{   ""journeys"": [     {       ""slug"": ""gentle-giants"",       ""sortOrder"": 1,       ""title"": {         ""zhTW"": ""溫柔巨人小路"",         ""en"": ""Gentle Giants Trail""       },       ""summary"": {     "
StoryBook.Tests/bin/Debug/net10.0/Data/quiz-questions.json,.,"{   ""version"": 1,   ""questions"": [     {       ""id"": ""tyrannosaurus-teeth"",       ""source"": ""dinosaurs"",       ""difficulty"": ""easy"",       ""sortOrder"": 1,       ""prompt"": {         ""zhTW"": ""暴龍有"
StoryBook.Tests/bin/Debug/net10.0/MvcTestingAppManifest.json,.,"{    ""StoryBook, Version=1.0.0.0, Culture=neutral, PublicKeyToken=null"": ""\/Users\/qiuzili\/StoryBook2\/StoryBook""  }"
StoryBook.Tests/bin/Debug/net10.0/StoryBook.Tests.deps.json,.,"{   ""runtimeTarget"": {     ""name"": "".NETCoreApp,Version=v10.0"",     ""signature"": """"   },   ""compilationOptions"": {     ""defines"": [       ""TRACE"",       ""DEBUG"",       ""NET"",       ""NET10_0"",       ""N"
StoryBook.Tests/bin/Debug/net10.0/StoryBook.Tests.runtimeconfig.json,.,"{   ""runtimeOptions"": {     ""tfm"": ""net10.0"",     ""frameworks"": [       {         ""name"": ""Microsoft.NETCore.App"",         ""version"": ""10.0.0""       },       {         ""name"": ""Microsoft.AspNetCore.Ap"
StoryBook.Tests/bin/Debug/net10.0/StoryBook.deps.json,.,"{   ""runtimeTarget"": {     ""name"": "".NETCoreApp,Version=v10.0"",     ""signature"": """"   },   ""compilationOptions"": {},   ""targets"": {     "".NETCoreApp,Version=v10.0"": {       ""StoryBook/1.0.0"": {       "
StoryBook.Tests/bin/Debug/net10.0/StoryBook.runtimeconfig.json,.,"{   ""runtimeOptions"": {     ""tfm"": ""net10.0"",     ""frameworks"": [       {         ""name"": ""Microsoft.NETCore.App"",         ""version"": ""10.0.0""       },       {         ""name"": ""Microsoft.AspNetCore.Ap"
StoryBook.Tests/bin/Debug/net10.0/StoryBook.staticwebassets.endpoints.json,.,"{""Version"":1,""ManifestType"":""Build"",""Endpoints"":[{""Route"":""StoryBook.styles.css"",""AssetFile"":""StoryBook.styles.css.gz"",""Selectors"":[{""Name"":""Content-Encoding"",""Value"":""gzip"",""Quality"":""0.001923076923"""
StoryBook.Tests/bin/Debug/net10.0/StoryBook.staticwebassets.runtime.json,.,"{""ContentRoots"":[""/Users/qiuzili/StoryBook2/StoryBook/wwwroot/"",""/Users/qiuzili/StoryBook2/StoryBook/obj/Debug/net10.0/compressed/"",""/Users/qiuzili/StoryBook2/StoryBook/obj/Debug/net10.0/scopedcss/bun"
StoryBook.Tests/bin/Debug/net10.0/appsettings.Development.json,.,"{   ""DetailedErrors"": true,   ""Logging"": {     ""LogLevel"": {       ""Default"": ""Information"",       ""Microsoft.AspNetCore"": ""Warning""     }   },   ""AquariumCatalog"": {     ""ContentPath"": ""Data/aquarium"
StoryBook.Tests/bin/Debug/net10.0/appsettings.json,.,"{   ""Logging"": {     ""LogLevel"": {       ""Default"": ""Information"",       ""Microsoft.AspNetCore"": ""Warning""     }   },   ""AquariumCatalog"": {     ""ContentPath"": ""Data/aquarium.json""   },   ""LearningJou"
"StoryBook.Tests/obj/Debug/net10.0/.NETCoreApp,Version=v10.0.AssemblyAttributes.cs",.,"// <autogenerated /> using System; using System.Reflection; [assembly: global::System.Runtime.Versioning.TargetFrameworkAttribute("".NETCoreApp,Version=v10.0"", FrameworkDisplayName = "".NET 10.0"")] "
StoryBook.Tests/obj/Debug/net10.0/MvcTestingAppManifest.json,.,"{    ""StoryBook, Version=1.0.0.0, Culture=neutral, PublicKeyToken=null"": ""\/Users\/qiuzili\/StoryBook2\/StoryBook""  }"
StoryBook.Tests/obj/Debug/net10.0/StoryBook.Tests.AssemblyInfo.cs,.,//------------------------------------------------------------------------------ // <auto-generated> //     This code was generated by a tool. // //     Changes to this file may cause incorrect behavi
StoryBook.Tests/obj/Debug/net10.0/StoryBook.Tests.GlobalUsings.g.cs,.,// <auto-generated/> global using System; global using System.Collections.Generic; global using System.IO; global using System.Linq; global using System.Net.Http; global using System.Threading; global
StoryBook.Tests/obj/Debug/net10.0/StoryBook.Tests.sourcelink.json,.,"{""documents"":{""/Users/qiuzili/StoryBook2/*"":""https://raw.githubusercontent.com/HyperLee/StoryBook2/e7545231b7e94c502f920af8a1ecc9a5ca63d24a/*""}}"
StoryBook.Tests/obj/StoryBook.Tests.csproj.nuget.dgspec.json,.,"{   ""format"": 1,   ""restore"": {     ""/Users/qiuzili/StoryBook2/StoryBook.Tests/StoryBook.Tests.csproj"": {}   },   ""projects"": {     ""/Users/qiuzili/StoryBook2/StoryBook.Tests/StoryBook.Tests.csproj"": "
StoryBook.Tests/obj/project.assets.json,.,"{   ""version"": 3,   ""targets"": {     ""net10.0"": {       ""coverlet.collector/6.0.4"": {         ""type"": ""package"",         ""build"": {           ""build/netstandard2.0/coverlet.collector.targets"": {}     "
StoryBook/Data/aquarium.json,.,"{   ""version"": ""1.0"",   ""habitatCategories"": [     {       ""code"": ""freshwater"",       ""sortOrder"": 1,       ""displayName"": {         ""zhTW"": ""淡水"",         ""en"": ""Freshwater""       },       ""descr"
StoryBook/Data/dinosaurs.json,.,"{   ""version"": ""1.0"",   ""profiles"": [     {       ""slug"": ""tyrannosaurus-rex"",       ""category"": ""dinosaur"",       ""sortOrder"": 1,       ""names"": {         ""zhTW"": ""暴龍"",         ""en"": ""Tyrannosaur"
StoryBook/Data/journeys.json,.,"{   ""journeys"": [     {       ""slug"": ""gentle-giants"",       ""sortOrder"": 1,       ""title"": {         ""zhTW"": ""溫柔巨人小路"",         ""en"": ""Gentle Giants Trail""       },       ""summary"": {     "
StoryBook/Data/quiz-questions.json,.,"{   ""version"": 1,   ""questions"": [     {       ""id"": ""tyrannosaurus-teeth"",       ""source"": ""dinosaurs"",       ""difficulty"": ""easy"",       ""sortOrder"": 1,       ""prompt"": {         ""zhTW"": ""暴龍有"
StoryBook/Models/AquariumAnimalProfile.cs,.,namespace StoryBook.Models;  /// <summary> /// Represents one browsable aquarium animal profile. /// </summary> public sealed class AquariumAnimalProfile {     /// <summary>     /// Unique lowercase k
StoryBook/Models/AquariumCatalog.cs,.,namespace StoryBook.Models;  /// <summary> /// Root object for the local aquarium content catalog. /// </summary> public sealed class AquariumCatalog {     /// <summary>     /// Catalog version for co
StoryBook/Models/AquariumHabitatCategory.cs,.,"namespace StoryBook.Models;  /// <summary> /// Represents an aquarium habitat category such as freshwater, coral reef, or polar waters. /// </summary> public sealed class AquariumHabitatCategory {    "
StoryBook/Models/AquariumImage.cs,.,namespace StoryBook.Models;  /// <summary> /// Describes a child-friendly aquarium illustration and its bilingual accessibility text. /// </summary> public sealed class AquariumImage {     /// <summar
StoryBook/Models/AquariumSearchResult.cs,.,namespace StoryBook.Models;  /// <summary> /// Projection used by the aquarium list page for search result rendering and client-side filtering. /// </summary> public sealed class AquariumSearchResult 
StoryBook/Models/AquariumStory.cs,.,namespace StoryBook.Models;  /// <summary> /// A warm short story associated with one aquarium profile. /// </summary> public sealed class AquariumStory {     /// <summary>     /// Bilingual story tit
StoryBook/Models/AquariumText.cs,.,namespace StoryBook.Models;  /// <summary> /// Stores bilingual aquarium text and resolves safe fallback content. /// </summary> public sealed class AquariumText {     /// <summary>     /// Traditiona
StoryBook/Models/ComparisonCandidate.cs,.,namespace StoryBook.Models;  /// <summary> /// Projection for one story friend that can be selected on the comparison page. /// </summary> public sealed class ComparisonCandidate {     /// <summary>  
StoryBook/Models/ComparisonCatalogSnapshot.cs,.,"namespace StoryBook.Models;  /// <summary> /// Immutable snapshot of candidates, comparison fields, and source statuses for <c>/compare</c>. /// </summary> public sealed class ComparisonCatalogSnapsho"
StoryBook/Models/ComparisonFieldDefinition.cs,.,namespace StoryBook.Models;  /// <summary> /// Defines one row in the story friend comparison table. /// </summary> public sealed class ComparisonFieldDefinition {     /// <summary>     /// Stable row
StoryBook/Models/ComparisonFieldValue.cs,.,namespace StoryBook.Models;  /// <summary> /// Describes whether a comparison field has a real value or a child-friendly not-applicable value. /// </summary> public enum ComparisonFieldValueState {   
StoryBook/Models/ComparisonSelectionState.cs,.,namespace StoryBook.Models;  /// <summary> /// Documents the page-local selection state managed by compare JavaScript. /// </summary> public sealed class ComparisonSelectionState {     /// <summary>  
StoryBook/Models/ComparisonSourceStatus.cs,.,namespace StoryBook.Models;  /// <summary> /// Describes whether one storybook source contributed candidates to the comparison page. /// </summary> public sealed class ComparisonSourceStatus {     ///
StoryBook/Models/DinosaurCatalog.cs,.,namespace StoryBook.Models;  /// <summary> /// Root object for the local dinosaur content catalog. /// </summary> public sealed class DinosaurCatalog {     /// <summary>     /// Catalog version for co
StoryBook/Models/DinosaurIllustration.cs,.,namespace StoryBook.Models;  /// <summary> /// Describes a child-friendly dinosaur illustration and its bilingual accessibility text. /// </summary> public sealed class DinosaurIllustration {     /// 
StoryBook/Models/DinosaurProfile.cs,.,namespace StoryBook.Models;  /// <summary> /// Represents one browsable prehistoric animal profile. /// </summary> public sealed class DinosaurProfile {     /// <summary>     /// Unique lowercase keba
StoryBook/Models/DinosaurSearchResult.cs,.,namespace StoryBook.Models;  /// <summary> /// Projection used by the list page for search result rendering and client-side filtering. /// </summary> public sealed class DinosaurSearchResult {     ///
StoryBook/Models/DinosaurStory.cs,.,namespace StoryBook.Models;  /// <summary> /// A warm short story associated with one dinosaur profile. /// </summary> public sealed class DinosaurStory {     /// <summary>     /// Bilingual story tit
StoryBook/Models/DinosaurText.cs,.,namespace StoryBook.Models;  /// <summary> /// Stores bilingual text and resolves a safe fallback when a localized value is missing. /// </summary> public sealed class DinosaurText {     /// <summary>
StoryBook/Models/ExplorationFacetGroup.cs,.,namespace StoryBook.Models;  /// <summary> /// Represents a single-selection exploration filter group. /// </summary> public sealed class ExplorationFacetGroup {     /// <summary>     /// Stable group
StoryBook/Models/ExplorationFacetValue.cs,.,"namespace StoryBook.Models;  /// <summary> /// Represents one selectable exploration facet value. /// </summary> public sealed class ExplorationFacetValue {     /// <summary>     /// Facet group code,"
StoryBook/Models/ExplorationItem.cs,.,"namespace StoryBook.Models;  /// <summary> /// Projection for one story item that can be displayed, searched, and filtered on <c>/explore</c>. /// </summary> public sealed class ExplorationItem {     "
StoryBook/Models/ExplorationSearchState.cs,.,namespace StoryBook.Models;  /// <summary> /// Describes the result mode currently shown by the exploration page. /// </summary> public enum ExplorationResultMode {     /// <summary>     /// The compl
StoryBook/Models/ExplorationSourceStatus.cs,.,namespace StoryBook.Models;  /// <summary> /// Describes whether one exploration source was available while building the page projection. /// </summary> public sealed class ExplorationSourceStatus {  
StoryBook/Models/ExplorationSourceType.cs,.,namespace StoryBook.Models;  /// <summary> /// Identifies the storybook source that contributes an item to the sitewide exploration page. /// </summary> public enum ExplorationSourceType {     /// <su
StoryBook/Models/JourneyAvailabilityStatus.cs,.,namespace StoryBook.Models;  /// <summary> /// Availability states for a learning journey in the current catalog/source snapshot. /// </summary> public enum JourneyAvailabilityState {     /// <summary
StoryBook/Models/JourneyCatalog.cs,.,namespace StoryBook.Models;  /// <summary> /// Root object for the learning journey catalog JSON file. /// </summary> public sealed class JourneyCatalog {     /// <summary>     /// Curated journey def
StoryBook/Models/JourneyCatalogSnapshot.cs,.,"namespace StoryBook.Models;  /// <summary> /// Immutable snapshot of available journeys, unavailable journey statuses, and source statuses. /// </summary> public sealed class JourneyCatalogSnapshot { "
StoryBook/Models/JourneyDiagnosticSummary.cs,.,namespace StoryBook.Models;  /// <summary> /// Non-sensitive maintenance summary for learning journey validation or source resolution issues. /// </summary> public sealed class JourneyDiagnosticSummar
StoryBook/Models/JourneySourceStatus.cs,.,namespace StoryBook.Models;  /// <summary> /// Describes whether one source storybook contributed items to learning journeys. /// </summary> public sealed class JourneySourceStatus {     /// <summary>
StoryBook/Models/JourneyStoryItem.cs,.,namespace StoryBook.Models;  /// <summary> /// Display projection for one resolved story item inside a learning journey. /// </summary> public sealed class JourneyStoryItem {     /// <summary>     ///
StoryBook/Models/JourneyStoryReference.cs,.,namespace StoryBook.Models;  /// <summary> /// Identifies one existing story item referenced by a learning journey. /// </summary> public sealed class JourneyStoryReference {     /// <summary>     ///
StoryBook/Models/JourneyText.cs,.,namespace StoryBook.Models;  /// <summary> /// Stores bilingual learning journey text and resolves safe fallback content. /// </summary> public sealed class JourneyText {     /// <summary>     /// Tra
StoryBook/Models/LanguageCode.cs,.,namespace StoryBook.Models;  /// <summary> /// Supported display languages for storybook content. /// </summary> public enum LanguageCode {     /// <summary>     /// Traditional Chinese. This is the d
StoryBook/Models/LanguageCodeParser.cs,.,namespace StoryBook.Models;  /// <summary> /// Converts persisted language values into supported language codes. /// </summary> public static class LanguageCodeParser {     /// <summary>     /// Conve
StoryBook/Models/LearningJourney.cs,.,namespace StoryBook.Models;  /// <summary> /// Represents one curated learning journey built from existing storybook items. /// </summary> public sealed class LearningJourney {     /// <summary>     /
StoryBook/Models/PassportBadgeDefinition.cs,.,namespace StoryBook.Models;  /// <summary> /// Fixed milestone metadata shown on the reading passport page. /// </summary> public sealed class PassportBadgeDefinition {     /// <summary>     /// Stabl
StoryBook/Models/PassportBadgeMilestone.cs,.,namespace StoryBook.Models;  /// <summary> /// Identifies how a reading passport badge is unlocked from completed story items. /// </summary> public enum PassportBadgeMilestone {     /// <summary>    
StoryBook/Models/PassportCatalogSnapshot.cs,.,"namespace StoryBook.Models;  /// <summary> /// Immutable snapshot of passport stories, fixed badges, and source statuses for <c>/passport</c>. /// </summary> public sealed class PassportCatalogSnapsho"
StoryBook/Models/PassportSourceStatus.cs,.,namespace StoryBook.Models;  /// <summary> /// Describes whether one storybook source contributed stories to the reading passport. /// </summary> public sealed class PassportSourceStatus {     /// <su
StoryBook/Models/PassportStoryItem.cs,.,namespace StoryBook.Models;  /// <summary> /// Projection for one existing story that can appear in the reading passport. /// </summary> public sealed class PassportStoryItem {     /// <summary>     /
StoryBook/Models/QuizAnswerOption.cs,.,namespace StoryBook.Models;  /// <summary> /// A single answer option in a quiz question. /// </summary> public sealed class QuizAnswerOption {     /// <summary>     /// Stable option id unique within
StoryBook/Models/QuizAnswerResult.cs,.,namespace StoryBook.Models;  /// <summary> /// Transient result for one answer submission. This type is not persisted. /// </summary> public sealed class QuizAnswerResult {     /// <summary>     /// Q
StoryBook/Models/QuizCatalog.cs,.,namespace StoryBook.Models;  /// <summary> /// Root object for the local quiz questions JSON catalog. /// </summary> public sealed class QuizCatalog {     /// <summary>     /// Catalog schema version.
StoryBook/Models/QuizCatalogSnapshot.cs,.,"namespace StoryBook.Models;  /// <summary> /// Current quiz catalog state after loading, validation, and story reference resolution. /// </summary> public sealed class QuizCatalogSnapshot {     /// <s"
StoryBook/Models/QuizDifficulty.cs,.,namespace StoryBook.Models;  /// <summary> /// Supported quiz question difficulty levels. /// </summary> public enum QuizDifficulty {     /// <summary>     /// Low-friction recall question.     /// </
StoryBook/Models/QuizQuestion.cs,.,namespace StoryBook.Models;  /// <summary> /// A single reviewed multiple-choice quiz question from the local catalog. /// </summary> public sealed class QuizQuestion {     /// <summary>     /// Uniqu
StoryBook/Models/QuizQuestionView.cs,.,namespace StoryBook.Models;  /// <summary> /// Safe page projection for a quiz question. It never exposes the correct answer id. /// </summary> public sealed class QuizQuestionView {     /// <summary>
StoryBook/Models/QuizScope.cs,.,namespace StoryBook.Models;  /// <summary> /// User-selectable quiz question scope. /// </summary> public enum QuizScope {     /// <summary>     /// All valid dinosaur and aquarium questions.     /// 
StoryBook/Models/QuizSourceStatus.cs,.,namespace StoryBook.Models;  /// <summary> /// Availability and question count summary for one quiz source. /// </summary> public sealed class QuizSourceStatus {     /// <summary>     /// Source story
StoryBook/Models/QuizStoryReference.cs,.,namespace StoryBook.Models;  /// <summary> /// Reference from a quiz question to an existing story detail page. /// </summary> public sealed class QuizStoryReference {     /// <summary>     /// Refere
StoryBook/Models/QuizText.cs,.,namespace StoryBook.Models;  /// <summary> /// Stores bilingual quiz text and resolves a safe Traditional Chinese fallback. /// </summary> public sealed class QuizText {     /// <summary>     /// Trad
StoryBook/Pages/Aquarium/Details.cshtml.cs,.,using Microsoft.AspNetCore.Mvc.RazorPages; using StoryBook.Models; using StoryBook.Services;  namespace StoryBook.Pages.Aquarium;  public sealed class DetailsModel : PageModel {     private readonly A
StoryBook/Pages/Aquarium/Index.cshtml.cs,.,using Microsoft.AspNetCore.Mvc.RazorPages; using StoryBook.Models; using StoryBook.Services;  namespace StoryBook.Pages.Aquarium;  public sealed class IndexModel : PageModel {     private readonly Aqu
StoryBook/Pages/Compare/Index.cshtml.cs,.,using Microsoft.AspNetCore.Mvc.RazorPages; using StoryBook.Models; using StoryBook.Services;  namespace StoryBook.Pages.Compare;  public sealed class IndexModel : PageModel {     private readonly ICom
StoryBook/Pages/Dinosaurs/Details.cshtml.cs,.,using Microsoft.AspNetCore.Mvc.RazorPages; using StoryBook.Models; using StoryBook.Services;  namespace StoryBook.Pages.Dinosaurs;  public sealed class DetailsModel : PageModel {     private readonly 
StoryBook/Pages/Dinosaurs/Index.cshtml.cs,.,using Microsoft.AspNetCore.Mvc.RazorPages; using StoryBook.Models; using StoryBook.Services;  namespace StoryBook.Pages.Dinosaurs;  public sealed class IndexModel : PageModel {     private readonly Di
StoryBook/Pages/Error.cshtml.cs,.,"using System.Diagnostics; using Microsoft.AspNetCore.Mvc; using Microsoft.AspNetCore.Mvc.RazorPages;  namespace StoryBook.Pages;  [ResponseCache(Duration = 0, Location = ResponseCacheLocation.None, No"
StoryBook/Pages/Explore/Index.cshtml.cs,.,using Microsoft.AspNetCore.Mvc.RazorPages; using StoryBook.Models; using StoryBook.Services;  namespace StoryBook.Pages.Explore;  public sealed class IndexModel : PageModel {     private readonly Expl
StoryBook/Pages/Index.cshtml.cs,.,using Microsoft.AspNetCore.Mvc; using Microsoft.AspNetCore.Mvc.RazorPages; using StoryBook.Services;  namespace StoryBook.Pages;  public class IndexModel : PageModel {     private readonly ThemePrefer
StoryBook/Pages/Journeys/Details.cshtml.cs,.,using Microsoft.AspNetCore.Mvc.RazorPages; using StoryBook.Models; using StoryBook.Services;  namespace StoryBook.Pages.Journeys;  public sealed class DetailsModel : PageModel {     private readonly L
StoryBook/Pages/Journeys/Index.cshtml.cs,.,using Microsoft.AspNetCore.Mvc.RazorPages; using StoryBook.Models; using StoryBook.Services;  namespace StoryBook.Pages.Journeys;  public sealed class IndexModel : PageModel {     private readonly Lea
StoryBook/Pages/Passport/Index.cshtml.cs,.,using Microsoft.AspNetCore.Mvc.RazorPages; using StoryBook.Models; using StoryBook.Services;  namespace StoryBook.Pages.Passport;  public sealed class IndexModel : PageModel {     private readonly Pas
StoryBook/Pages/Privacy.cshtml.cs,.,﻿using Microsoft.AspNetCore.Mvc; using Microsoft.AspNetCore.Mvc.RazorPages;  namespace StoryBook.Pages;  public class PrivacyModel : PageModel {     public void OnGet()     {     } }  
StoryBook/Pages/Quiz/Index.cshtml.cs,.,using Microsoft.AspNetCore.Mvc.RazorPages; using StoryBook.Models; using StoryBook.Services;  namespace StoryBook.Pages.Quiz;  public sealed class IndexModel : PageModel {     private readonly QuizCat
StoryBook/Pages/Shared/_Layout.cshtml.css,.,﻿/* Please see documentation at https://learn.microsoft.com/aspnet/core/client-side/bundling-and-minification for details on configuring this project to bundle and minify static web assets. */  a.na
StoryBook/Program.cs,.,using StoryBook.Services;  namespace StoryBook;  public partial class Program {     public static void Main(string[] args)     {         var builder = WebApplication.CreateBuilder(args);          // A
StoryBook/Properties/launchSettings.json,.,"{   ""$schema"": ""https://json.schemastore.org/launchsettings.json"",   ""profiles"": {     ""http"": {       ""commandName"": ""Project"",       ""dotnetRunMessages"": true,       ""launchBrowser"": true,       ""ap"
StoryBook/Services/AquariumCatalogOptions.cs,.,namespace StoryBook.Services;  /// <summary> /// Options controlling where the aquarium catalog JSON file is loaded from. /// </summary> public sealed class AquariumCatalogOptions {     /// <summary> 
StoryBook/Services/AquariumCatalogService.cs,.,using System.Globalization; using System.Text; using System.Text.Json; using Microsoft.AspNetCore.Hosting; using Microsoft.Extensions.Options; using StoryBook.Models;  namespace StoryBook.Services;  /
StoryBook/Services/AquariumContentValidationResult.cs,.,namespace StoryBook.Services;  /// <summary> /// Result of validating the aquarium content catalog. /// </summary> public sealed class AquariumContentValidationResult {     /// <summary>     /// Creat
StoryBook/Services/AquariumContentValidator.cs,.,using System.Text.RegularExpressions; using StoryBook.Models;  namespace StoryBook.Services;  /// <summary> /// Validates local aquarium catalog content before it is displayed. /// </summary> public s
StoryBook/Services/ComparisonCatalogService.cs,.,using StoryBook.Models;  namespace StoryBook.Services;  /// <summary> /// Provides story friend comparison candidates and field definitions. /// </summary> public interface IComparisonCatalogService {
StoryBook/Services/DinosaurCatalogOptions.cs,.,namespace StoryBook.Services;  /// <summary> /// Options controlling where the dinosaur catalog JSON file is loaded from. /// </summary> public sealed class DinosaurCatalogOptions {     /// <summary> 
StoryBook/Services/DinosaurCatalogService.cs,.,using System.Globalization; using System.Text; using System.Text.Json; using Microsoft.AspNetCore.Hosting; using Microsoft.Extensions.Options; using StoryBook.Models;  namespace StoryBook.Services;  /
StoryBook/Services/DinosaurContentValidationResult.cs,.,namespace StoryBook.Services;  /// <summary> /// Result of validating the dinosaur content catalog. /// </summary> public sealed class DinosaurContentValidationResult {     /// <summary>     /// Creat
StoryBook/Services/DinosaurContentValidator.cs,.,using System.Text.RegularExpressions; using StoryBook.Models;  namespace StoryBook.Services;  /// <summary> /// Validates local dinosaur catalog content before it is displayed. /// </summary> public s
StoryBook/Services/ExplorationCatalogService.cs,.,using System.Globalization; using System.Text; using StoryBook.Models;  namespace StoryBook.Services;  /// <summary> /// Composes dinosaur and aquarium catalogs into the sitewide exploration projectio
StoryBook/Services/ExplorationSearchService.cs,.,using System.Globalization; using System.Text; using StoryBook.Models;  namespace StoryBook.Services;  /// <summary> /// Applies page-local search and facet filtering rules for exploration items. /// 
StoryBook/Services/LanguagePreferenceService.cs,.,using StoryBook.Models;  namespace StoryBook.Services;  /// <summary> /// Resolves and exposes supported storybook language preference metadata. /// </summary> public sealed class LanguagePreferenceSe
StoryBook/Services/LearningJourneyCatalogOptions.cs,.,namespace StoryBook.Services;  /// <summary> /// Options controlling where the learning journey catalog JSON file is loaded from. /// </summary> public sealed class LearningJourneyCatalogOptions {    
StoryBook/Services/LearningJourneyCatalogService.cs,.,"using System.Text.Json; using Microsoft.AspNetCore.Hosting; using Microsoft.Extensions.Options; using StoryBook.Models;  namespace StoryBook.Services;  /// <summary> /// Loads, validates, caches, and "
StoryBook/Services/LearningJourneyContentValidationResult.cs,.,namespace StoryBook.Services;  /// <summary> /// Result of validating the learning journey content catalog. /// </summary> public sealed class LearningJourneyContentValidationResult {     /// <summary
StoryBook/Services/LearningJourneyContentValidator.cs,.,using System.Text.RegularExpressions; using StoryBook.Models;  namespace StoryBook.Services;  /// <summary> /// Validates local learning journey catalog content before it is displayed. /// </summary> 
StoryBook/Services/PassportCatalogService.cs,.,using StoryBook.Models;  namespace StoryBook.Services;  /// <summary> /// Composes dinosaur and aquarium catalogs into the reading passport projection. /// </summary> public sealed class PassportCatal
StoryBook/Services/PassportPreferenceService.cs,.,using StoryBook.Models;  namespace StoryBook.Services;  /// <summary> /// Exposes reading passport browser storage metadata and fixed badge definitions. /// </summary> public sealed class PassportPref
StoryBook/Services/QuizCatalogOptions.cs,.,namespace StoryBook.Services;  /// <summary> /// Configuration for the local quiz catalog file. /// </summary> public sealed class QuizCatalogOptions {     /// <summary>     /// Configuration section 
StoryBook/Services/QuizCatalogService.cs,.,"using System.Text.Json; using Microsoft.AspNetCore.Hosting; using Microsoft.Extensions.Options; using StoryBook.Models;  namespace StoryBook.Services;  /// <summary> /// Loads, caches, filters, orders"
StoryBook/Services/QuizContentValidationResult.cs,.,using StoryBook.Models;  namespace StoryBook.Services;  /// <summary> /// Result of quiz catalog content validation. /// </summary> public sealed class QuizContentValidationResult {     /// <summary> 
StoryBook/Services/QuizContentValidator.cs,.,using System.Text.RegularExpressions; using StoryBook.Models;  namespace StoryBook.Services;  /// <summary> /// Validates the local quiz catalog before questions are projected to the UI. /// </summary
StoryBook/Services/ThemePreferenceService.cs,.,namespace StoryBook.Services;  /// <summary> /// Resolves and exposes supported browser theme preference metadata. /// </summary> public sealed class ThemePreferenceService {     private static readon
StoryBook/appsettings.Development.json,.,"{   ""DetailedErrors"": true,   ""Logging"": {     ""LogLevel"": {       ""Default"": ""Information"",       ""Microsoft.AspNetCore"": ""Warning""     }   },   ""AquariumCatalog"": {     ""ContentPath"": ""Data/aquarium"
StoryBook/appsettings.json,.,"{   ""Logging"": {     ""LogLevel"": {       ""Default"": ""Information"",       ""Microsoft.AspNetCore"": ""Warning""     }   },   ""AquariumCatalog"": {     ""ContentPath"": ""Data/aquarium.json""   },   ""LearningJou"
StoryBook/bin/Debug/net10.0/Data/aquarium.json,.,"{   ""version"": ""1.0"",   ""habitatCategories"": [     {       ""code"": ""freshwater"",       ""sortOrder"": 1,       ""displayName"": {         ""zhTW"": ""淡水"",         ""en"": ""Freshwater""       },       ""descr"
StoryBook/bin/Debug/net10.0/Data/dinosaurs.json,.,"{   ""version"": ""1.0"",   ""profiles"": [     {       ""slug"": ""tyrannosaurus-rex"",       ""category"": ""dinosaur"",       ""sortOrder"": 1,       ""names"": {         ""zhTW"": ""暴龍"",         ""en"": ""Tyrannosaur"
StoryBook/bin/Debug/net10.0/Data/journeys.json,.,"{   ""journeys"": [     {       ""slug"": ""gentle-giants"",       ""sortOrder"": 1,       ""title"": {         ""zhTW"": ""溫柔巨人小路"",         ""en"": ""Gentle Giants Trail""       },       ""summary"": {     "
StoryBook/bin/Debug/net10.0/Data/quiz-questions.json,.,"{   ""version"": 1,   ""questions"": [     {       ""id"": ""tyrannosaurus-teeth"",       ""source"": ""dinosaurs"",       ""difficulty"": ""easy"",       ""sortOrder"": 1,       ""prompt"": {         ""zhTW"": ""暴龍有"
StoryBook/bin/Debug/net10.0/StoryBook.deps.json,.,"{   ""runtimeTarget"": {     ""name"": "".NETCoreApp,Version=v10.0"",     ""signature"": """"   },   ""compilationOptions"": {},   ""targets"": {     "".NETCoreApp,Version=v10.0"": {       ""StoryBook/1.0.0"": {       "
StoryBook/bin/Debug/net10.0/StoryBook.runtimeconfig.json,.,"{   ""runtimeOptions"": {     ""tfm"": ""net10.0"",     ""frameworks"": [       {         ""name"": ""Microsoft.NETCore.App"",         ""version"": ""10.0.0""       },       {         ""name"": ""Microsoft.AspNetCore.Ap"
StoryBook/bin/Debug/net10.0/StoryBook.staticwebassets.endpoints.json,.,"{""Version"":1,""ManifestType"":""Build"",""Endpoints"":[{""Route"":""StoryBook.styles.css"",""AssetFile"":""StoryBook.styles.css.gz"",""Selectors"":[{""Name"":""Content-Encoding"",""Value"":""gzip"",""Quality"":""0.001923076923"""
StoryBook/bin/Debug/net10.0/StoryBook.staticwebassets.runtime.json,.,"{""ContentRoots"":[""/Users/qiuzili/StoryBook2/StoryBook/wwwroot/"",""/Users/qiuzili/StoryBook2/StoryBook/obj/Debug/net10.0/compressed/"",""/Users/qiuzili/StoryBook2/StoryBook/obj/Debug/net10.0/scopedcss/bun"
StoryBook/bin/Debug/net10.0/appsettings.Development.json,.,"{   ""DetailedErrors"": true,   ""Logging"": {     ""LogLevel"": {       ""Default"": ""Information"",       ""Microsoft.AspNetCore"": ""Warning""     }   },   ""AquariumCatalog"": {     ""ContentPath"": ""Data/aquarium"
StoryBook/bin/Debug/net10.0/appsettings.json,.,"{   ""Logging"": {     ""LogLevel"": {       ""Default"": ""Information"",       ""Microsoft.AspNetCore"": ""Warning""     }   },   ""AquariumCatalog"": {     ""ContentPath"": ""Data/aquarium.json""   },   ""LearningJou"
"StoryBook/obj/Debug/net10.0/.NETCoreApp,Version=v10.0.AssemblyAttributes.cs",.,"// <autogenerated /> using System; using System.Reflection; [assembly: global::System.Runtime.Versioning.TargetFrameworkAttribute("".NETCoreApp,Version=v10.0"", FrameworkDisplayName = "".NET 10.0"")] "
StoryBook/obj/Debug/net10.0/StoryBook.AssemblyInfo.cs,.,//------------------------------------------------------------------------------ // <auto-generated> //     This code was generated by a tool. // //     Changes to this file may cause incorrect behavi
StoryBook/obj/Debug/net10.0/StoryBook.GlobalUsings.g.cs,.,// <auto-generated/> global using Microsoft.AspNetCore.Builder; global using Microsoft.AspNetCore.Hosting; global using Microsoft.AspNetCore.Http; global using Microsoft.AspNetCore.Routing; global usi
StoryBook/obj/Debug/net10.0/StoryBook.RazorAssemblyInfo.cs,.,//------------------------------------------------------------------------------ // <auto-generated> //     This code was generated by a tool. // //     Changes to this file may cause incorrect behavi
StoryBook/obj/Debug/net10.0/StoryBook.sourcelink.json,.,"{""documents"":{""/Users/qiuzili/StoryBook2/*"":""https://raw.githubusercontent.com/HyperLee/StoryBook2/47de6e487a1b1399c079884345faf3d22cd4c4c6/*""}}"
StoryBook/obj/Debug/net10.0/rbcswa.dswa.cache.json,.,"{""GlobalPropertiesHash"":""2ilJ2M8+ZdH0swl4cXFj9Ji8kay0R08ISE/fEc+OL0o="",""FingerprintPatternsHash"":""8ZRc1sGeVrPBx4lD717BgRaQekyh78QKV9SKsdt638U="",""PropertyOverridesHash"":""8ZRc1sGeVrPBx4lD717BgRaQekyh78Q"
StoryBook/obj/Debug/net10.0/rjimswa.dswa.cache.json,.,"{""GlobalPropertiesHash"":""VVcC3HDQK5ZTqb1HzSXsAPMvIkWgSIrohFbnymYe7Pg="",""FingerprintPatternsHash"":""8ZRc1sGeVrPBx4lD717BgRaQekyh78QKV9SKsdt638U="",""PropertyOverridesHash"":""R7Rea/YQmcweqCbKffD9oUelggfpJQX"
StoryBook/obj/Debug/net10.0/rjsmcshtml.dswa.cache.json,.,"{""GlobalPropertiesHash"":""3ocuK0b8dsFyNigRvV8jMPsylUpbswwofP22Fj79UYo="",""FingerprintPatternsHash"":""gq3WsqcKBUGTSNle7RKKyXRIwh7M8ccEqOqYvIzoM04="",""PropertyOverridesHash"":""8ZRc1sGeVrPBx4lD717BgRaQekyh78Q"
StoryBook/obj/Debug/net10.0/rjsmrazor.dswa.cache.json,.,"{""GlobalPropertiesHash"":""IxRG/p4KfNOZw8+Y1Nxsj4AqPbsfnBdhT3ofqC/CvlY="",""FingerprintPatternsHash"":""gq3WsqcKBUGTSNle7RKKyXRIwh7M8ccEqOqYvIzoM04="",""PropertyOverridesHash"":""8ZRc1sGeVrPBx4lD717BgRaQekyh78Q"
StoryBook/obj/Debug/net10.0/rpswa.dswa.cache.json,.,"{""GlobalPropertiesHash"":""vuLd4ChF+XF89XiqDy1K7JkosjeXJ/VQxHGYL4LExJg="",""FingerprintPatternsHash"":""gq3WsqcKBUGTSNle7RKKyXRIwh7M8ccEqOqYvIzoM04="",""PropertyOverridesHash"":""8ZRc1sGeVrPBx4lD717BgRaQekyh78Q"
StoryBook/obj/Debug/net10.0/scopedcss/Pages/Shared/_Layout.cshtml.rz.scp.css,.,/* Please see documentation at https://learn.microsoft.com/aspnet/core/client-side/bundling-and-minification for details on configuring this project to bundle and minify static web assets. */  a.navba
StoryBook/obj/Debug/net10.0/scopedcss/bundle/StoryBook.styles.css,.,/* /Pages/Shared/_Layout.cshtml.rz.scp.css */ /* Please see documentation at https://learn.microsoft.com/aspnet/core/client-side/bundling-and-minification for details on configuring this project to bu
StoryBook/obj/Debug/net10.0/scopedcss/projectbundle/StoryBook.bundle.scp.css,.,/* /Pages/Shared/_Layout.cshtml.rz.scp.css */ /* Please see documentation at https://learn.microsoft.com/aspnet/core/client-side/bundling-and-minification for details on configuring this project to bu
StoryBook/obj/Debug/net10.0/staticwebassets.build.endpoints.json,.,"{""Version"":1,""ManifestType"":""Build"",""Endpoints"":[{""Route"":""StoryBook.styles.css"",""AssetFile"":""StoryBook.styles.css.gz"",""Selectors"":[{""Name"":""Content-Encoding"",""Value"":""gzip"",""Quality"":""0.001923076923"""
StoryBook/obj/Debug/net10.0/staticwebassets.build.json,.,"{""Version"":1,""Hash"":""8lSH/TgFuy0UCus5Ad3NaMd+fimCcM/3iLEIJTF2+uA="",""Source"":""StoryBook"",""BasePath"":""/"",""Mode"":""Root"",""ManifestType"":""Build"",""ReferencedProjectsConfiguration"":[],""DiscoveryPatterns"":[{"""
StoryBook/obj/Debug/net10.0/staticwebassets.development.json,.,"{""ContentRoots"":[""/Users/qiuzili/StoryBook2/StoryBook/wwwroot/"",""/Users/qiuzili/StoryBook2/StoryBook/obj/Debug/net10.0/compressed/"",""/Users/qiuzili/StoryBook2/StoryBook/obj/Debug/net10.0/scopedcss/bun"
StoryBook/obj/StoryBook.csproj.nuget.dgspec.json,.,"{   ""format"": 1,   ""restore"": {     ""/Users/qiuzili/StoryBook2/StoryBook/StoryBook.csproj"": {}   },   ""projects"": {     ""/Users/qiuzili/StoryBook2/StoryBook/StoryBook.csproj"": {       ""version"": ""1.0."
StoryBook/obj/project.assets.json,.,"{   ""version"": 3,   ""targets"": {     ""net10.0"": {}   },   ""libraries"": {},   ""projectFileDependencyGroups"": {     ""net10.0"": []   },   ""packageFolders"": {     ""/Users/qiuzili/.nuget/packages/"": {}   }"
StoryBook/wwwroot/css/aquarium.css,.,.aquarium-page {     color: #173f4f;     overflow-wrap: anywhere; }  .aquarium-page__header {     align-items: center;     display: flex;     justify-content: space-between;     margin-bottom: 1.5rem;
StoryBook/wwwroot/css/compare.css,.,".compare-page {     display: grid;     gap: 1.5rem; }  .compare-page__header, .compare-controls, .compare-status-group, .compare-table-wrap, .compare-alert, .compare-empty {     border: 1px solid var("
StoryBook/wwwroot/css/dinosaurs.css,.,.dino-page {     color: #25312f; }  .language-switcher {     display: inline-flex;     gap: 0.4rem; }  .language-switcher button {     background: #fff;     border: 2px solid #246a73;     border-radiu
StoryBook/wwwroot/css/explore.css,.,.explore-page {   color: var(--storybook-text);   overflow-wrap: anywhere; }  .explore-page__header {   align-items: flex-start;   display: flex;   flex-wrap: wrap;   gap: 1rem;   justify-content: spa
StoryBook/wwwroot/css/journeys.css,.,.journeys-page {   color: var(--storybook-text);   overflow-wrap: anywhere; }  .journeys-page__header {   align-items: flex-start;   display: flex;   flex-wrap: wrap;   gap: 1rem;   justify-content: s
StoryBook/wwwroot/css/passport.css,.,.passport-completion {   background: var(--storybook-surface);   border: 2px solid var(--storybook-border);   border-radius: 8px;   display: grid;   gap: 0.75rem;   margin: 1.5rem 0;   padding: 1rem; 
StoryBook/wwwroot/css/quiz.css,.,.quiz-page {     display: grid;     gap: 1.5rem; }  .quiz-page__header {     align-items: center;     display: flex;     flex-wrap: wrap;     gap: 1rem;     justify-content: space-between; }  .quiz-ki
StoryBook/wwwroot/css/site.css,.,html {   font-size: 14px;   --storybook-bg: #f8fafc;   --storybook-surface: #ffffff;   --storybook-surface-muted: #eef4f8;   --storybook-text: #1f2937;   --storybook-text-muted: #526070;   --storybook
StoryBook/wwwroot/js/aquarium.js,.,"(function () {     const supportedLanguages = [""zh-TW"", ""en""];     const fallbackLanguage = ""zh-TW"";      initializeLanguage();     initializeSearch();     initializeImageModal();      function initia"
StoryBook/wwwroot/js/compare.js,.,"(function () {     ""use strict"";      const supportedLanguages = [""zh-TW"", ""en""];     const fallbackLanguage = ""zh-TW"";     const languageStorageKey = ""storybook.language"";     const fieldCodes = [   "
StoryBook/wwwroot/js/dinosaurs.js,.,"(function () {     const supportedLanguages = [""zh-TW"", ""en""];     const fallbackLanguage = ""zh-TW"";      initializeLanguage();     initializeSearch();     initializeImageModal();      function initia"
StoryBook/wwwroot/js/explore.js,.,"(function () {     const supportedLanguages = [""zh-TW"", ""en""];     const fallbackLanguage = ""zh-TW"";     const languageStorageKey = ""storybook.language"";      initializeExploreControls();      functio"
StoryBook/wwwroot/js/journeys.js,.,"(function () {     ""use strict"";      const supportedLanguages = [""zh-TW"", ""en""];     const fallbackLanguage = ""zh-TW"";     const languageStorageKey = ""storybook.language"";      initializeJourneyLangu"
StoryBook/wwwroot/js/passport.js,.,"(function () {     ""use strict"";      const storageKey = ""storybook.passport"";     const stateVersion = 1;     const allowedSources = [""dinosaurs"", ""aquarium""];     const supportedLanguages = [""zh-TW"""
StoryBook/wwwroot/js/quiz.js,.,"(function () {     ""use strict"";      const page = document.querySelector(""[data-quiz-page]"");      if (!page) {         return;     }      const feedback = page.querySelector(""[data-quiz-feedback]:no"
StoryBook/wwwroot/js/site.js,.,﻿// Please see documentation at https://learn.microsoft.com/aspnet/core/client-side/bundling-and-minification // for details on configuring this project to bundle and minify static web assets.  (fun
StoryBook/wwwroot/js/theme.js,.,"(function () {     ""use strict"";      const allowedModes = [""light"", ""dark"", ""system""];     const defaultMode = ""system"";     const safeEffectiveTheme = ""light"";     const fallbackStorageKey = ""storyb"
artifacts/010-merge/bin/StoryBook.Tests/debug/Data/aquarium.json,.,"{   ""version"": ""1.0"",   ""habitatCategories"": [     {       ""code"": ""freshwater"",       ""sortOrder"": 1,       ""displayName"": {         ""zhTW"": ""淡水"",         ""en"": ""Freshwater""       },       ""descr"
artifacts/010-merge/bin/StoryBook.Tests/debug/Data/dinosaurs.json,.,"{   ""version"": ""1.0"",   ""profiles"": [     {       ""slug"": ""tyrannosaurus-rex"",       ""category"": ""dinosaur"",       ""sortOrder"": 1,       ""names"": {         ""zhTW"": ""暴龍"",         ""en"": ""Tyrannosaur"
artifacts/010-merge/bin/StoryBook.Tests/debug/Data/journeys.json,.,"{   ""journeys"": [     {       ""slug"": ""gentle-giants"",       ""sortOrder"": 1,       ""title"": {         ""zhTW"": ""溫柔巨人小路"",         ""en"": ""Gentle Giants Trail""       },       ""summary"": {     "
artifacts/010-merge/bin/StoryBook.Tests/debug/Data/quiz-questions.json,.,"{   ""version"": 1,   ""questions"": [     {       ""id"": ""tyrannosaurus-teeth"",       ""source"": ""dinosaurs"",       ""difficulty"": ""easy"",       ""sortOrder"": 1,       ""prompt"": {         ""zhTW"": ""暴龍有"
artifacts/010-merge/bin/StoryBook.Tests/debug/MvcTestingAppManifest.json,.,"{    ""StoryBook, Version=1.0.0.0, Culture=neutral, PublicKeyToken=null"": ""\/Users\/qiuzili\/StoryBook2\/StoryBook""  }"
artifacts/010-merge/bin/StoryBook.Tests/debug/StoryBook.Tests.deps.json,.,"{   ""runtimeTarget"": {     ""name"": "".NETCoreApp,Version=v10.0"",     ""signature"": """"   },   ""compilationOptions"": {     ""defines"": [       ""TRACE"",       ""DEBUG"",       ""NET"",       ""NET10_0"",       ""N"
artifacts/010-merge/bin/StoryBook.Tests/debug/StoryBook.Tests.runtimeconfig.json,.,"{   ""runtimeOptions"": {     ""tfm"": ""net10.0"",     ""frameworks"": [       {         ""name"": ""Microsoft.NETCore.App"",         ""version"": ""10.0.0""       },       {         ""name"": ""Microsoft.AspNetCore.Ap"
artifacts/010-merge/bin/StoryBook.Tests/debug/StoryBook.deps.json,.,"{   ""runtimeTarget"": {     ""name"": "".NETCoreApp,Version=v10.0"",     ""signature"": """"   },   ""compilationOptions"": {},   ""targets"": {     "".NETCoreApp,Version=v10.0"": {       ""StoryBook/1.0.0"": {       "
artifacts/010-merge/bin/StoryBook.Tests/debug/StoryBook.runtimeconfig.json,.,"{   ""runtimeOptions"": {     ""tfm"": ""net10.0"",     ""frameworks"": [       {         ""name"": ""Microsoft.NETCore.App"",         ""version"": ""10.0.0""       },       {         ""name"": ""Microsoft.AspNetCore.Ap"
artifacts/010-merge/bin/StoryBook.Tests/debug/StoryBook.staticwebassets.endpoints.json,.,"{""Version"":1,""ManifestType"":""Build"",""Endpoints"":[{""Route"":""StoryBook.styles.css"",""AssetFile"":""StoryBook.styles.css.gz"",""Selectors"":[{""Name"":""Content-Encoding"",""Value"":""gzip"",""Quality"":""0.001923076923"""
artifacts/010-merge/bin/StoryBook.Tests/debug/StoryBook.staticwebassets.runtime.json,.,"{""ContentRoots"":[""/Users/qiuzili/StoryBook2/StoryBook/wwwroot/"",""/Users/qiuzili/StoryBook2/artifacts/010-merge/obj/StoryBook/debug/compressed/"",""/Users/qiuzili/StoryBook2/artifacts/010-merge/obj/Story"
artifacts/010-merge/bin/StoryBook.Tests/debug/appsettings.Development.json,.,"{   ""DetailedErrors"": true,   ""Logging"": {     ""LogLevel"": {       ""Default"": ""Information"",       ""Microsoft.AspNetCore"": ""Warning""     }   },   ""AquariumCatalog"": {     ""ContentPath"": ""Data/aquarium"
artifacts/010-merge/bin/StoryBook.Tests/debug/appsettings.json,.,"{   ""Logging"": {     ""LogLevel"": {       ""Default"": ""Information"",       ""Microsoft.AspNetCore"": ""Warning""     }   },   ""AquariumCatalog"": {     ""ContentPath"": ""Data/aquarium.json""   },   ""LearningJou"
artifacts/010-merge/bin/StoryBook/debug/Data/aquarium.json,.,"{   ""version"": ""1.0"",   ""habitatCategories"": [     {       ""code"": ""freshwater"",       ""sortOrder"": 1,       ""displayName"": {         ""zhTW"": ""淡水"",         ""en"": ""Freshwater""       },       ""descr"
artifacts/010-merge/bin/StoryBook/debug/Data/dinosaurs.json,.,"{   ""version"": ""1.0"",   ""profiles"": [     {       ""slug"": ""tyrannosaurus-rex"",       ""category"": ""dinosaur"",       ""sortOrder"": 1,       ""names"": {         ""zhTW"": ""暴龍"",         ""en"": ""Tyrannosaur"
artifacts/010-merge/bin/StoryBook/debug/Data/journeys.json,.,"{   ""journeys"": [     {       ""slug"": ""gentle-giants"",       ""sortOrder"": 1,       ""title"": {         ""zhTW"": ""溫柔巨人小路"",         ""en"": ""Gentle Giants Trail""       },       ""summary"": {     "
artifacts/010-merge/bin/StoryBook/debug/Data/quiz-questions.json,.,"{   ""version"": 1,   ""questions"": [     {       ""id"": ""tyrannosaurus-teeth"",       ""source"": ""dinosaurs"",       ""difficulty"": ""easy"",       ""sortOrder"": 1,       ""prompt"": {         ""zhTW"": ""暴龍有"
artifacts/010-merge/bin/StoryBook/debug/StoryBook.deps.json,.,"{   ""runtimeTarget"": {     ""name"": "".NETCoreApp,Version=v10.0"",     ""signature"": """"   },   ""compilationOptions"": {},   ""targets"": {     "".NETCoreApp,Version=v10.0"": {       ""StoryBook/1.0.0"": {       "
artifacts/010-merge/bin/StoryBook/debug/StoryBook.runtimeconfig.json,.,"{   ""runtimeOptions"": {     ""tfm"": ""net10.0"",     ""frameworks"": [       {         ""name"": ""Microsoft.NETCore.App"",         ""version"": ""10.0.0""       },       {         ""name"": ""Microsoft.AspNetCore.Ap"
artifacts/010-merge/bin/StoryBook/debug/StoryBook.staticwebassets.endpoints.json,.,"{""Version"":1,""ManifestType"":""Build"",""Endpoints"":[{""Route"":""StoryBook.styles.css"",""AssetFile"":""StoryBook.styles.css.gz"",""Selectors"":[{""Name"":""Content-Encoding"",""Value"":""gzip"",""Quality"":""0.001923076923"""
artifacts/010-merge/bin/StoryBook/debug/StoryBook.staticwebassets.runtime.json,.,"{""ContentRoots"":[""/Users/qiuzili/StoryBook2/StoryBook/wwwroot/"",""/Users/qiuzili/StoryBook2/artifacts/010-merge/obj/StoryBook/debug/compressed/"",""/Users/qiuzili/StoryBook2/artifacts/010-merge/obj/Story"
artifacts/010-merge/bin/StoryBook/debug/appsettings.Development.json,.,"{   ""DetailedErrors"": true,   ""Logging"": {     ""LogLevel"": {       ""Default"": ""Information"",       ""Microsoft.AspNetCore"": ""Warning""     }   },   ""AquariumCatalog"": {     ""ContentPath"": ""Data/aquarium"
artifacts/010-merge/bin/StoryBook/debug/appsettings.json,.,"{   ""Logging"": {     ""LogLevel"": {       ""Default"": ""Information"",       ""Microsoft.AspNetCore"": ""Warning""     }   },   ""AquariumCatalog"": {     ""ContentPath"": ""Data/aquarium.json""   },   ""LearningJou"
artifacts/010-merge/obj/StoryBook.Tests/StoryBook.Tests.csproj.nuget.dgspec.json,.,"{   ""format"": 1,   ""restore"": {     ""/Users/qiuzili/StoryBook2/StoryBook.Tests/StoryBook.Tests.csproj"": {}   },   ""projects"": {     ""/Users/qiuzili/StoryBook2/StoryBook.Tests/StoryBook.Tests.csproj"": "
"artifacts/010-merge/obj/StoryBook.Tests/debug/.NETCoreApp,Version=v10.0.AssemblyAttributes.cs",.,"// <autogenerated /> using System; using System.Reflection; [assembly: global::System.Runtime.Versioning.TargetFrameworkAttribute("".NETCoreApp,Version=v10.0"", FrameworkDisplayName = "".NET 10.0"")] "
artifacts/010-merge/obj/StoryBook.Tests/debug/MvcTestingAppManifest.json,.,"{    ""StoryBook, Version=1.0.0.0, Culture=neutral, PublicKeyToken=null"": ""\/Users\/qiuzili\/StoryBook2\/StoryBook""  }"
artifacts/010-merge/obj/StoryBook.Tests/debug/StoryBook.Tests.AssemblyInfo.cs,.,//------------------------------------------------------------------------------ // <auto-generated> //     This code was generated by a tool. // //     Changes to this file may cause incorrect behavi
artifacts/010-merge/obj/StoryBook.Tests/debug/StoryBook.Tests.GlobalUsings.g.cs,.,// <auto-generated/> global using System; global using System.Collections.Generic; global using System.IO; global using System.Linq; global using System.Net.Http; global using System.Threading; global
artifacts/010-merge/obj/StoryBook.Tests/debug/StoryBook.Tests.sourcelink.json,.,"{""documents"":{""/Users/qiuzili/StoryBook2/*"":""https://raw.githubusercontent.com/HyperLee/StoryBook2/47de6e487a1b1399c079884345faf3d22cd4c4c6/*""}}"
artifacts/010-merge/obj/StoryBook.Tests/project.assets.json,.,"{   ""version"": 3,   ""targets"": {     ""net10.0"": {       ""coverlet.collector/6.0.4"": {         ""type"": ""package"",         ""build"": {           ""build/netstandard2.0/coverlet.collector.targets"": {}     "
artifacts/010-merge/obj/StoryBook/StoryBook.csproj.nuget.dgspec.json,.,"{   ""format"": 1,   ""restore"": {     ""/Users/qiuzili/StoryBook2/StoryBook/StoryBook.csproj"": {}   },   ""projects"": {     ""/Users/qiuzili/StoryBook2/StoryBook/StoryBook.csproj"": {       ""version"": ""1.0."
"artifacts/010-merge/obj/StoryBook/debug/.NETCoreApp,Version=v10.0.AssemblyAttributes.cs",.,"// <autogenerated /> using System; using System.Reflection; [assembly: global::System.Runtime.Versioning.TargetFrameworkAttribute("".NETCoreApp,Version=v10.0"", FrameworkDisplayName = "".NET 10.0"")] "
artifacts/010-merge/obj/StoryBook/debug/StoryBook.AssemblyInfo.cs,.,//------------------------------------------------------------------------------ // <auto-generated> //     This code was generated by a tool. // //     Changes to this file may cause incorrect behavi
artifacts/010-merge/obj/StoryBook/debug/StoryBook.GlobalUsings.g.cs,.,// <auto-generated/> global using Microsoft.AspNetCore.Builder; global using Microsoft.AspNetCore.Hosting; global using Microsoft.AspNetCore.Http; global using Microsoft.AspNetCore.Routing; global usi
artifacts/010-merge/obj/StoryBook/debug/StoryBook.RazorAssemblyInfo.cs,.,//------------------------------------------------------------------------------ // <auto-generated> //     This code was generated by a tool. // //     Changes to this file may cause incorrect behavi
artifacts/010-merge/obj/StoryBook/debug/StoryBook.sourcelink.json,.,"{""documents"":{""/Users/qiuzili/StoryBook2/*"":""https://raw.githubusercontent.com/HyperLee/StoryBook2/47de6e487a1b1399c079884345faf3d22cd4c4c6/*""}}"
artifacts/010-merge/obj/StoryBook/debug/rbcswa.dswa.cache.json,.,"{""GlobalPropertiesHash"":""2ilJ2M8+ZdH0swl4cXFj9Ji8kay0R08ISE/fEc+OL0o="",""FingerprintPatternsHash"":""8ZRc1sGeVrPBx4lD717BgRaQekyh78QKV9SKsdt638U="",""PropertyOverridesHash"":""8ZRc1sGeVrPBx4lD717BgRaQekyh78Q"
artifacts/010-merge/obj/StoryBook/debug/rjimswa.dswa.cache.json,.,"{""GlobalPropertiesHash"":""VVcC3HDQK5ZTqb1HzSXsAPMvIkWgSIrohFbnymYe7Pg="",""FingerprintPatternsHash"":""8ZRc1sGeVrPBx4lD717BgRaQekyh78QKV9SKsdt638U="",""PropertyOverridesHash"":""R7Rea/YQmcweqCbKffD9oUelggfpJQX"
artifacts/010-merge/obj/StoryBook/debug/rjsmcshtml.dswa.cache.json,.,"{""GlobalPropertiesHash"":""3ocuK0b8dsFyNigRvV8jMPsylUpbswwofP22Fj79UYo="",""FingerprintPatternsHash"":""gq3WsqcKBUGTSNle7RKKyXRIwh7M8ccEqOqYvIzoM04="",""PropertyOverridesHash"":""8ZRc1sGeVrPBx4lD717BgRaQekyh78Q"
artifacts/010-merge/obj/StoryBook/debug/rjsmrazor.dswa.cache.json,.,"{""GlobalPropertiesHash"":""IxRG/p4KfNOZw8+Y1Nxsj4AqPbsfnBdhT3ofqC/CvlY="",""FingerprintPatternsHash"":""gq3WsqcKBUGTSNle7RKKyXRIwh7M8ccEqOqYvIzoM04="",""PropertyOverridesHash"":""8ZRc1sGeVrPBx4lD717BgRaQekyh78Q"
artifacts/010-merge/obj/StoryBook/debug/rpswa.dswa.cache.json,.,"{""GlobalPropertiesHash"":""vuLd4ChF+XF89XiqDy1K7JkosjeXJ/VQxHGYL4LExJg="",""FingerprintPatternsHash"":""gq3WsqcKBUGTSNle7RKKyXRIwh7M8ccEqOqYvIzoM04="",""PropertyOverridesHash"":""8ZRc1sGeVrPBx4lD717BgRaQekyh78Q"
artifacts/010-merge/obj/StoryBook/debug/scopedcss/Pages/Shared/_Layout.cshtml.rz.scp.css,.,/* Please see documentation at https://learn.microsoft.com/aspnet/core/client-side/bundling-and-minification for details on configuring this project to bundle and minify static web assets. */  a.navba
artifacts/010-merge/obj/StoryBook/debug/scopedcss/bundle/StoryBook.styles.css,.,/* /Pages/Shared/_Layout.cshtml.rz.scp.css */ /* Please see documentation at https://learn.microsoft.com/aspnet/core/client-side/bundling-and-minification for details on configuring this project to bu
artifacts/010-merge/obj/StoryBook/debug/scopedcss/projectbundle/StoryBook.bundle.scp.css,.,/* /Pages/Shared/_Layout.cshtml.rz.scp.css */ /* Please see documentation at https://learn.microsoft.com/aspnet/core/client-side/bundling-and-minification for details on configuring this project to bu
artifacts/010-merge/obj/StoryBook/debug/staticwebassets.build.endpoints.json,.,"{""Version"":1,""ManifestType"":""Build"",""Endpoints"":[{""Route"":""StoryBook.styles.css"",""AssetFile"":""StoryBook.styles.css.gz"",""Selectors"":[{""Name"":""Content-Encoding"",""Value"":""gzip"",""Quality"":""0.001923076923"""
artifacts/010-merge/obj/StoryBook/debug/staticwebassets.build.json,.,"{""Version"":1,""Hash"":""oYZbN1Pjqb0rh5BMI94Zj0D7x0XI2QzJK6GM22sxrHk="",""Source"":""StoryBook"",""BasePath"":""/"",""Mode"":""Root"",""ManifestType"":""Build"",""ReferencedProjectsConfiguration"":[],""DiscoveryPatterns"":[{"""
artifacts/010-merge/obj/StoryBook/debug/staticwebassets.development.json,.,"{""ContentRoots"":[""/Users/qiuzili/StoryBook2/StoryBook/wwwroot/"",""/Users/qiuzili/StoryBook2/artifacts/010-merge/obj/StoryBook/debug/compressed/"",""/Users/qiuzili/StoryBook2/artifacts/010-merge/obj/Story"
artifacts/010-merge/obj/StoryBook/project.assets.json,.,"{   ""version"": 3,   ""targets"": {     ""net10.0"": {}   },   ""libraries"": {},   ""projectFileDependencyGroups"": {     ""net10.0"": []   },   ""packageFolders"": {     ""/Users/qiuzili/.nuget/packages/"": {}   }"
specs/001-dinosaur-intro-site/contracts/content-catalog.schema.json,.,"{   ""$schema"": ""https://json-schema.org/draft/2020-12/schema"",   ""$id"": ""https://storybook2.local/contracts/content-catalog.schema.json"",   ""title"": ""StoryBook2 Dinosaur Content Catalog"",   ""type"": ""o"
specs/002-aquarium-storybook/contracts/content-catalog.schema.json,.,"{   ""$schema"": ""https://json-schema.org/draft/2020-12/schema"",   ""$id"": ""https://storybook2.local/contracts/aquarium-content-catalog.schema.json"",   ""title"": ""StoryBook2 Aquarium Content Catalog"",   """
specs/006-learning-journeys/contracts/learning-journeys.schema.json,.,"{   ""$schema"": ""https://json-schema.org/draft/2020-12/schema"",   ""$id"": ""https://storybook.local/contracts/learning-journeys.schema.json"",   ""title"": ""StoryBook Learning Journeys Catalog"",   ""type"": """
specs/007-reading-passport/contracts/passport-state.schema.json,.,"{   ""$schema"": ""https://json-schema.org/draft/2020-12/schema"",   ""$id"": ""https://storybook.local/contracts/passport-state.schema.json"",   ""title"": ""StoryBook Reading Passport State"",   ""type"": ""object"
specs/008-quiz-challenges/contracts/quiz-questions.schema.json,.,"{   ""$schema"": ""https://json-schema.org/draft/2020-12/schema"",   ""$id"": ""https://storybook.local/contracts/quiz-questions.schema.json"",   ""title"": ""StoryBook Quiz Questions Catalog"",   ""type"": ""object"
